{"cameraMode":{"drawMode":0,"name":"Shaded","section":"Shading Mode"},"sceneLighting":false,"audioPlay":false,"sceneViewState":{"m_AlwaysRefresh":false,"showFog":true,"showSkybox":false,"showFlares":true,"showImageEffects":true,"showParticleSystems":true,"showVisualEffectGraphs":true,"m_FxEnabled":true},"in2DMode":false,"pivot":{"x":-0.3545694351196289,"y":-844.9266967773438,"z":0.29126524925231936},"rotation":{"x":0.09904880076646805,"y":0.6732431054115295,"z":-0.09159867465496063,"w":0.727157473564148},"size":1.7320513725280762,"orthographic":false}