{"cameraMode":{"drawMode":0,"name":"Shaded","section":"Shading Mode"},"sceneLighting":true,"audioPlay":false,"sceneViewState":{"m_AlwaysRefresh":false,"showFog":true,"showSkybox":true,"showFlares":true,"showImageEffects":true,"showParticleSystems":true,"showVisualEffectGraphs":true,"m_FxEnabled":true},"in2DMode":false,"pivot":{"x":-3.272752285003662,"y":4.368612766265869,"z":0.47906234860420229},"rotation":{"x":0.24903260171413423,"y":0.6344773173332214,"z":-0.22722242772579194,"w":0.695723295211792},"size":0.8660253882408142,"orthographic":false}