{"cameraMode":{"drawMode":0,"name":"Shaded","section":"Shading Mode"},"sceneLighting":true,"audioPlay":false,"sceneViewState":{"m_AlwaysRefresh":false,"showFog":true,"showSkybox":true,"showFlares":true,"showImageEffects":true,"showParticleSystems":true,"showVisualEffectGraphs":true,"m_FxEnabled":true},"in2DMode":false,"pivot":{"x":0.35439038276672366,"y":-6.942300319671631,"z":18.309734344482423},"rotation":{"x":0.21756243705749513,"y":-0.009686542674899102,"z":0.002307802438735962,"w":0.9760837554931641},"size":12.12435531616211,"orthographic":false}